id,model_id,model_name,organization,site_name,site_type,city,country,latitude,longitude,evidence,source_url,notes
qwen-hangzhou-office,qwen,Qwen family,Alibaba Group,Alibaba headquarters,office,Hangzhou,China,30.2741,120.1551,documented_headquarters,https://www.alibabagroup.com/en-US/about-alibaba-businesses-1951035128754995200,City-level headquarters anchor; not a building entrance.
qwen-singapore-office,qwen,Qwen family,Alibaba Cloud,International headquarters,office,Singapore,Singapore,1.3521,103.8198,documented_headquarters,https://www.alibabacloud.com/en/about,City-level international headquarters anchor; not a building entrance.
deepseek-hangzhou-office,deepseek,DeepSeek,DeepSeek,Headquarters,office,Hangzhou,China,30.2741,120.1551,documented_headquarters,https://www.deepseek.com/,City-level company anchor; hosted API infrastructure location is not publicly disclosed.
kimi-beijing-office,kimi,Moonshot Kimi,Moonshot AI,Headquarters,office,Beijing,China,39.9042,116.4074,documented_headquarters,https://www.moonshot.ai/about,City-level company anchor; hosted API infrastructure location is not publicly disclosed.
minimax-beijing-office,minimax,MiniMax,MiniMax,Headquarters,office,Beijing,China,39.9042,116.4074,documented_headquarters,https://ir.minimax.cn/en/investor-resources/ir-contacts,City-level company anchor; domestic and international API domains do not identify facilities.
glm-beijing-office,glm,Zhipu GLM,Zhipu AI,Headquarters,office,Beijing,China,39.9042,116.4074,city_level_organization,https://open.bigmodel.cn/,City-level organization anchor; exact inference infrastructure is not publicly disclosed.
doubao-beijing-office,doubao,Doubao / Seed,ByteDance Seed,Model organization,office,Beijing,China,39.9042,116.4074,city_level_organization,https://www.volcengine.com/product/doubao,City-level organization anchor.
hunyuan-shenzhen-office,hunyuan,Tencent Hunyuan,Tencent,Headquarters,office,Shenzhen,China,22.5431,114.0579,documented_headquarters,https://www.tencent.com/en-us/about.html,City-level parent-company headquarters anchor.
ernie-beijing-office,ernie,Baidu ERNIE,Baidu,Headquarters,office,Beijing,China,39.9042,116.4074,documented_headquarters,https://ir.baidu.com/company-overview,City-level parent-company headquarters anchor; Qianfan API domain does not disclose the serving facility.
