id,demand_node_id,hub_id,name,workload_fit,confidence,description,source_url,verified_on
corridor-beijing-zhangjiakou,beijing,hub-zhangjiakou,Beijing → Zhangjiakou,Low-latency regional overflow and general compute,conceptual_policy,Policy-level demand-to-cluster relationship; not a surveyed fiber route.,https://www.ndrc.gov.cn/xxgk/jd/jd/202202/t20220217_1315795_ext.html,2026-09-03
corridor-beijing-horinger,beijing,hub-horinger,Beijing → Horinger,Training storage and delay-tolerant compute,conceptual_policy,Conceptual east-to-west workload corridor carried over multiple licensed networks.,https://www.ndrc.gov.cn/xxgk/jd/jd/202202/t20220217_1315795_ext.html,2026-09-03
corridor-beijing-zhongwei,beijing,hub-zhongwei,Beijing → Zhongwei,Training storage backup and batch compute,conceptual_policy,Conceptual demand-to-capacity corridor; no dedicated physical circuit is asserted.,https://www.ndrc.gov.cn/xxgk/jd/jd/202202/t20220217_1315795_ext.html,2026-09-03
corridor-shanghai-wuhu,shanghai,hub-wuhu,Shanghai → Wuhu,Regional low-latency compute and overflow,conceptual_policy,Policy-level relationship within the Yangtze River Delta computing hub.,https://www.ndrc.gov.cn/xxgk/jd/jd/202202/t20220217_1315795_ext.html,2026-09-03
corridor-shanghai-yangtze-eco,shanghai,hub-yangtze-eco,Shanghai → Yangtze demonstration zone,Metro-adjacent low-latency services,conceptual_policy,Policy-level relationship to the cross-provincial demonstration-zone cluster.,https://www.ndrc.gov.cn/xxgk/jd/jd/202202/t20220217_1315795_ext.html,2026-09-03
corridor-shenzhen-shaoguan,shenzhen,hub-shaoguan,Shenzhen → Shaoguan,Greater Bay Area overflow and general compute,conceptual_policy,Policy-level demand-to-cluster relationship within Guangdong.,https://www.ndrc.gov.cn/xxgk/jd/jd/202202/t20220217_1315795_ext.html,2026-09-03
corridor-guangzhou-guian,guangzhou,hub-guian,Guangzhou → Gui'an,Storage backup training and batch compute,conceptual_policy,Conceptual east-to-west workload corridor carried over multiple carrier backbones.,https://www.ndrc.gov.cn/xxgk/jd/jd/202202/t20220217_1315795_ext.html,2026-09-03
corridor-chengdu-chongqing,chengdu,hub-chongqing,Chengdu → Chongqing,Regional compute balancing,conceptual_policy,Policy-level relationship inside the dual-node Chengdu–Chongqing computing hub.,https://www.ndrc.gov.cn/xxgk/jd/jd/202202/t20220217_1315795_ext.html,2026-09-03
corridor-chengdu-qingyang,chengdu,hub-qingyang,Chengdu → Qingyang,Training storage and delay-tolerant compute,conceptual_policy,Conceptual western workload-balancing corridor; not a published cable alignment.,https://www.ndrc.gov.cn/xxgk/jd/jd/202202/t20220217_1315795_ext.html,2026-09-03
